{
  "HTTP Request-GET INFO API" : {
    "transaction" : "HTTP Request-GET INFO API",
    "sampleCount" : 5,
    "errorCount" : 0,
    "errorPct" : 0.0,
    "meanResTime" : 389.2,
    "medianResTime" : 389.0,
    "minResTime" : 387.0,
    "maxResTime" : 391.0,
    "pct1ResTime" : 391.0,
    "pct2ResTime" : 391.0,
    "pct3ResTime" : 391.0,
    "throughput" : 12.78772378516624,
    "receivedKBytesPerSec" : 4.533148177749361,
    "sentKBytesPerSec" : 4.807884430946292
  },
  "Total" : {
    "transaction" : "Total",
    "sampleCount" : 20,
    "errorCount" : 2,
    "errorPct" : 10.0,
    "meanResTime" : 1005.7,
    "medianResTime" : 387.5,
    "minResTime" : 333.0,
    "maxResTime" : 5333.0,
    "pct1ResTime" : 2237.0,
    "pct2ResTime" : 5178.499999999998,
    "pct3ResTime" : 5333.0,
    "throughput" : 1.8508236165093468,
    "receivedKBytesPerSec" : 4.446224175226726,
    "sentKBytesPerSec" : 0.7406005633444384
  },
  "HTTP Request-login API" : {
    "transaction" : "HTTP Request-login API",
    "sampleCount" : 5,
    "errorCount" : 0,
    "errorPct" : 0.0,
    "meanResTime" : 1951.0,
    "medianResTime" : 1971.0,
    "minResTime" : 1580.0,
    "maxResTime" : 2243.0,
    "pct1ResTime" : 2243.0,
    "pct2ResTime" : 2243.0,
    "pct3ResTime" : 2243.0,
    "throughput" : 2.228163992869875,
    "receivedKBytesPerSec" : 0.9421826258912656,
    "sentKBytesPerSec" : 0.6419027127896613
  },
  "HTTP Request-Create New Customer" : {
    "transaction" : "HTTP Request-Create New Customer",
    "sampleCount" : 5,
    "errorCount" : 2,
    "errorPct" : 40.0,
    "meanResTime" : 1333.6,
    "medianResTime" : 334.0,
    "minResTime" : 333.0,
    "maxResTime" : 5333.0,
    "pct1ResTime" : 5333.0,
    "pct2ResTime" : 5333.0,
    "pct3ResTime" : 5333.0,
    "throughput" : 0.9375585974123383,
    "receivedKBytesPerSec" : 0.49331696512282014,
    "sentKBytesPerSec" : 0.5282922956122258
  },
  "HTTP Request-List API" : {
    "transaction" : "HTTP Request-List API",
    "sampleCount" : 5,
    "errorCount" : 0,
    "errorPct" : 0.0,
    "meanResTime" : 349.0,
    "medianResTime" : 349.0,
    "minResTime" : 347.0,
    "maxResTime" : 351.0,
    "pct1ResTime" : 351.0,
    "pct2ResTime" : 351.0,
    "pct3ResTime" : 351.0,
    "throughput" : 14.245014245014245,
    "receivedKBytesPerSec" : 118.31430288461539,
    "sentKBytesPerSec" : 5.314058048433049
  }
}